song_id,641b13763a63f32bb9d71460
Z66D0F60,1
Z6708WAZ,1
Z690CIFO,1
Z69AU0IA,1
Z69U96OW,1
Z6A9IAC7,1
Z6ABDOOI,1
Z6ACA0FZ,1
Z6AFC90A,1
Z6AFC9WD,1
Z6AFUB8O,1
Z6B0IC89,1
Z6B6CBUD,1
Z6B7AE6A,1
Z6B7AFCO,1
Z6BIO9UF,1
Z6BIWFEZ,1
Z6BO69E8,1
Z6BO6B8U,1
Z6BOOAFC,1
Z6BU6IU6,1
Z6BU7AWO,1
Z6BU8B6O,1
Z6BWFE7F,1
Z6BZWZDF,1
Z6UBADAF,1
Z6UCWZUD,1
Z6UFF9Z6,1
Z6WDI960,1
Z6ZU6E7O,1
ZO6EIB7B,1
ZO9D67OA,1
ZODCZI0O,1
ZOEFE9D0,1
ZU7BII9Z,1
ZUI98BWF,1
ZUZAO6A9,1
ZW6CZ0OW,1
ZW6D986U,1
ZW6FODWI,1
ZW6I7ZE7,1
ZW6U9UDC,1
ZW6U9UEU,1
ZW6W0DAW,1
ZW7809OU,1
ZW7I06CD,1
ZW7IUA6E,1
ZW7IUW0F,1
ZW7O8W7U,1
ZW7OCDC9,1
ZW7OCEOE,1
ZW807CUD,1
ZW8W777E,1
ZW8WCFEA,1
ZW9BBE08,1
ZW9CFDU9,1
ZW9COZ9B,1
ZWA7CE0B,1
ZWA80C89,1
ZWAD6W69,1
ZWADO97U,1
ZWAEIAUC,1
ZWAFDUW0,1
ZWAIFBFO,1
ZWBUA8B8,1
ZWZ9C7EW,1
ZWZ9Z09E,1
ZWZ9Z0AO,1
ZWZ9Z0AZ,1
ZWZD9DCB,1
ZWZDB788,1
ZWZEBZCZ,1
ZZ9IZ7FC,1
ZZ9IZ898,1
ZZAAZBZE,1
ZZCIOB0W,1
ZZEU80WO,1
ZZF0WU6O,1
ZZU9060B,1
